<?xml version="1.0" encoding="UTF-8"?>
<project-private xmlns="http://www.netbeans.org/ns/project-private/1">
    <editor-bookmarks xmlns="http://www.netbeans.org/ns/editor-bookmarks/2" lastBookmarkId="0"/>
    <open-files xmlns="http://www.netbeans.org/ns/projectui-open-files/2">
        <group>
            <file>file:/C:/Users/ABSI.ABSI-E470-08/Desktop/JAVA_Training/Source%20Code/ABSIWeb/ABSIWeb/src/java/crud/Listing.java</file>
            <file>file:/C:/Users/ABSI.ABSI-E470-08/Desktop/JAVA_Training/Source%20Code/ABSIWeb/ABSIWeb/web/WEB-INF/jsp/edit.jsp</file>
            <file>file:/C:/Users/ABSI.ABSI-E470-08/Desktop/JAVA_Training/Source%20Code/ABSIWeb/ABSIWeb/src/java/jsp/data/UserJsp.java</file>
            <file>file:/C:/Users/ABSI.ABSI-E470-08/Desktop/JAVA_Training/Source%20Code/ABSIWeb/ABSIWeb/src/java/jsp/LoginJsp.java</file>
            <file>file:/C:/Users/ABSI.ABSI-E470-08/Desktop/JAVA_Training/Source%20Code/ABSIWeb/ABSIWeb/src/java/jsp/ListingJsp.java</file>
            <file>file:/C:/Users/ABSI.ABSI-E470-08/Desktop/JAVA_Training/Source%20Code/ABSIWeb/ABSIWeb/web/WEB-INF/jsp/listing.jsp</file>
            <file>file:/C:/Users/ABSI.ABSI-E470-08/Desktop/JAVA_Training/Source%20Code/ABSIWeb/ABSIWeb/web/WEB-INF/jsp/login.jsp</file>
            <file>file:/C:/Users/ABSI.ABSI-E470-08/Desktop/JAVA_Training/Source%20Code/ABSIWeb/ABSIWeb/src/java/jsp/EditJsp.java</file>
        </group>
    </open-files>
</project-private>
